level,topic,chapter_id,file,title,suggested_3,reason
Level10_GESP 十级 (NOI 竞赛提高),字符串高级,10-1-1,01_后缀数组（SA）的构造与 LCP 数组.md,后缀数组（SA）的构造与 LCP 数组,"Level10:1, Level10:2, Level10:3",专题内无相邻题号，从全局末尾分配
Level10_GESP 十级 (NOI 竞赛提高),字符串高级,10-1-2,02_后缀自动机（SAM）.md,后缀自动机（SAM）,"Level10:4, Level10:5, Level10:6",专题内无相邻题号，从全局末尾分配
Level10_GESP 十级 (NOI 竞赛提高),字符串高级,10-1-3,03_广义 SAM（多串共用）.md,广义 SAM（多串共用）,"Level10:7, Level10:8, Level10:9",专题内无相邻题号，从全局末尾分配
Level10_GESP 十级 (NOI 竞赛提高),字符串高级,10-1-4,04_字符串高级综合例题.md,字符串高级综合例题,"Level10:10, Level10:11, Level10:12",专题内无相邻题号，从全局末尾分配
Level10_GESP 十级 (NOI 竞赛提高),可持久化数据结构,10-2-1,01_主席树（可持久化线段树）原理.md,主席树（可持久化线段树）原理,"Level10:13, Level10:14, Level10:15",专题内无相邻题号，从全局末尾分配
Level10_GESP 十级 (NOI 竞赛提高),可持久化数据结构,10-2-2,02_主席树区间第 k 小.md,主席树区间第 k 小,"Level10:16, Level10:17, Level10:18",专题内无相邻题号，从全局末尾分配
Level10_GESP 十级 (NOI 竞赛提高),可持久化数据结构,10-2-3,03_可持久化并查集.md,可持久化并查集,"Level10:19, Level10:20, Level10:21",专题内无相邻题号，从全局末尾分配
Level10_GESP 十级 (NOI 竞赛提高),可持久化数据结构,10-2-4,04_可持久化数据结构综合例题.md,可持久化数据结构综合例题,"Level10:22, Level10:23, Level10:24",专题内无相邻题号，从全局末尾分配
Level10_GESP 十级 (NOI 竞赛提高),高级数据结构,10-3-1,01_左偏树（可合并堆）.md,左偏树（可合并堆）,"Level10:25, Level10:26, Level10:27",专题内无相邻题号，从全局末尾分配
Level10_GESP 十级 (NOI 竞赛提高),高级数据结构,10-3-2,02_线段树合并（动态开点）.md,线段树合并（动态开点）,"Level10:28, Level10:29, Level10:30",专题内无相邻题号，从全局末尾分配
Level10_GESP 十级 (NOI 竞赛提高),高级数据结构,10-3-3,03_线段树分裂.md,线段树分裂,"Level10:31, Level10:32, Level10:33",专题内无相邻题号，从全局末尾分配
Level10_GESP 十级 (NOI 竞赛提高),高级数据结构,10-3-4,04_树套树（线段树套线段树）.md,树套树（线段树套线段树）,"Level10:34, Level10:35, Level10:36",专题内无相邻题号，从全局末尾分配
Level10_GESP 十级 (NOI 竞赛提高),LCT 动态树,10-4-1,01_LCT 基本原理与 Access_makeRoot.md,LCT 基本原理与 Access/makeRoot,"Level10:37, Level10:38, Level10:39",专题内无相邻题号，从全局末尾分配
Level10_GESP 十级 (NOI 竞赛提高),LCT 动态树,10-4-2,02_LCT 实现链接_断开.md,LCT 实现链接/断开,"Level10:40, Level10:41, Level10:42",专题内无相邻题号，从全局末尾分配
Level10_GESP 十级 (NOI 竞赛提高),LCT 动态树,10-4-3,03_LCT 综合例题.md,LCT 综合例题,"Level10:43, Level10:44, Level10:45",专题内无相邻题号，从全局末尾分配
Level10_GESP 十级 (NOI 竞赛提高),树上高级算法,10-5-1,01_点分治（树上路径统计）.md,点分治（树上路径统计）,"Level10:46, Level10:47, Level10:48",专题内无相邻题号，从全局末尾分配
Level10_GESP 十级 (NOI 竞赛提高),树上高级算法,10-5-2,02_树上启发式合并（DSU on Tree）.md,树上启发式合并（DSU on Tree）,"Level10:49, Level10:50, Level10:51",专题内无相邻题号，从全局末尾分配
Level10_GESP 十级 (NOI 竞赛提高),树上高级算法,10-5-3,03_虚树（关键点构造）.md,虚树（关键点构造）,"Level10:52, Level10:53, Level10:54",专题内无相邻题号，从全局末尾分配
Level10_GESP 十级 (NOI 竞赛提高),树上高级算法,10-5-4,04_KD 树（多维最近邻）.md,KD 树（多维最近邻）,"Level10:55, Level10:56, Level10:57",专题内无相邻题号，从全局末尾分配
Level10_GESP 十级 (NOI 竞赛提高),DP 极限优化,10-6-1,01_四边形不等式优化（决策单调性）.md,四边形不等式优化（决策单调性）,"Level10:58, Level10:59, Level10:60",专题内无相邻题号，从全局末尾分配
Level10_GESP 十级 (NOI 竞赛提高),DP 极限优化,10-6-2,02_WQS 二分（λ 优化 DP）.md,WQS 二分（λ 优化 DP）,"Level10:61, Level10:62, Level10:63",专题内无相邻题号，从全局末尾分配
Level10_GESP 十级 (NOI 竞赛提高),DP 极限优化,10-6-3,03_综合例题.md,综合例题,"Level10:64, Level10:65, Level10:66",专题内无相邻题号，从全局末尾分配
Level10_GESP 十级 (NOI 竞赛提高),多项式算法,10-7-1,01_FFT 原理与实现.md,FFT 原理与实现,"Level10:67, Level10:68, Level10:69",专题内无相邻题号，从全局末尾分配
Level10_GESP 十级 (NOI 竞赛提高),多项式算法,10-7-2,02_NTT（模意义下的 FFT）.md,NTT（模意义下的 FFT）,"Level10:70, Level10:71, Level10:72",专题内无相邻题号，从全局末尾分配
Level10_GESP 十级 (NOI 竞赛提高),多项式算法,10-7-3,03_多项式乘法与卷积应用.md,多项式乘法与卷积应用,"Level10:73, Level10:74, Level10:75",专题内无相邻题号，从全局末尾分配
Level10_GESP 十级 (NOI 竞赛提高),多项式算法,10-7-4,04_多项式求逆与 exp（选读）.md,多项式求逆与 exp（选读）,"Level10:76, Level10:77, Level10:78",专题内无相邻题号，从全局末尾分配
Level10_GESP 十级 (NOI 竞赛提高),高级数论,10-8-1,01_积性函数与狄利克雷卷积.md,积性函数与狄利克雷卷积,"Level10:79, Level10:80, Level10:81",专题内无相邻题号，从全局末尾分配
Level10_GESP 十级 (NOI 竞赛提高),高级数论,10-8-2,02_莫比乌斯函数与莫比乌斯反演.md,莫比乌斯函数与莫比乌斯反演,"Level10:82, Level10:83, Level10:84",专题内无相邻题号，从全局末尾分配
Level10_GESP 十级 (NOI 竞赛提高),高级数论,10-8-3,03_原根与离散对数.md,原根与离散对数,"Level10:85, Level10:86, Level10:87",专题内无相邻题号，从全局末尾分配
Level10_GESP 十级 (NOI 竞赛提高),高级数论,10-8-4,04_高级数论综合例题.md,高级数论综合例题,"Level10:88, Level10:89, Level10:90",专题内无相邻题号，从全局末尾分配
Level10_GESP 十级 (NOI 竞赛提高),高级组合数学,10-9-1,01_第一_第二类斯特林数.md,第一/第二类斯特林数,"Level10:91, Level10:92, Level10:93",专题内无相邻题号，从全局末尾分配
Level10_GESP 十级 (NOI 竞赛提高),高级组合数学,10-9-2,02_普通母函数（OGF）.md,普通母函数（OGF）,"Level10:94, Level10:95, Level10:96",专题内无相邻题号，从全局末尾分配
Level10_GESP 十级 (NOI 竞赛提高),高级组合数学,10-9-3,03_指数母函数（EGF）.md,指数母函数（EGF）,"Level10:97, Level10:98, Level10:99",专题内无相邻题号，从全局末尾分配
Level10_GESP 十级 (NOI 竞赛提高),高级组合数学,10-9-4,04_Burnside 引理与 Polya 定理.md,Burnside 引理与 Polya 定理,"Level10:100, Level10:101, Level10:102",专题内无相邻题号，从全局末尾分配
Level10_GESP 十级 (NOI 竞赛提高),计算几何高级,10-10-1,01_半平面交求可行区域.md,半平面交求可行区域,"Level10:103, Level10:104, Level10:105",专题内无相邻题号，从全局末尾分配
Level10_GESP 十级 (NOI 竞赛提高),计算几何高级,10-10-2,02_旋转卡壳（最远点对）.md,旋转卡壳（最远点对）,"Level10:106, Level10:107, Level10:108",专题内无相邻题号，从全局末尾分配
Level10_GESP 十级 (NOI 竞赛提高),计算几何高级,10-10-3,03_闵可夫斯基和.md,闵可夫斯基和,"Level10:109, Level10:110, Level10:111",专题内无相邻题号，从全局末尾分配
Level1_GESP 一级 (语法与顺序逻辑),第一次交互 (IO基础),1-1-2,02_代码的注释 (__).md,代码的注释 (//),"Level1:33, Level1:43, Level1:44",专题题号范围 Level1:1~Level1:9，在末尾追加
Level1_GESP 一级 (语法与顺序逻辑),计算机算术 (运算),1-4-4,"04_复合赋值 (+=, -=).md","复合赋值 (+=, -=)","Level1:249, Level1:250, Level1:252",专题题号范围 Level1:15~Level1:248，在末尾追加
Level1_GESP 一级 (语法与顺序逻辑),更多数据类型,1-5-5,05_scanf 和 printf.md,scanf 和 printf,"Level1:426, Level1:427, Level1:428",专题题号范围 Level1:22~Level1:425，在末尾追加
Level1_GESP 一级 (语法与顺序逻辑),更多数据类型,1-5-6,06_scanf 和 printf 真题练习.md,scanf 和 printf 真题练习,"Level1:426, Level1:427, Level1:428",专题题号范围 Level1:22~Level1:425，在末尾追加
Level1_GESP 一级 (语法与顺序逻辑),简单的逻辑 (分支与循环),1-6-4,04_函数初探.md,函数初探,"Level1:421, Level1:426, Level1:427",专题题号范围 Level1:80~Level1:419，在末尾追加
Level1_GESP 一级 (语法与顺序逻辑),条件结构专题,1-7-1,01_if _ else 单分支与双分支.md,if / else 单分支与双分支,"Level1:426, Level1:427, Level1:428",专题内无相邻题号，从全局末尾分配
Level1_GESP 一级 (语法与顺序逻辑),条件结构专题,1-7-2,02_多分支 if-else if 与 switch.md,多分支 if-else if 与 switch,"Level1:429, Level1:430, Level1:431",专题内无相邻题号，从全局末尾分配
Level1_GESP 一级 (语法与顺序逻辑),条件结构专题,1-7-3,03_条件结构综合例题.md,条件结构综合例题,"Level1:432, Level1:433, Level1:434",专题内无相邻题号，从全局末尾分配
Level1_GESP 一级 (语法与顺序逻辑),循环结构专题,1-8-1,01_for 循环基础.md,for 循环基础,"Level1:435, Level1:436, Level1:437",专题内无相邻题号，从全局末尾分配
Level1_GESP 一级 (语法与顺序逻辑),循环结构专题,1-8-2,02_while 与 do-while 循环.md,while 与 do-while 循环,"Level1:438, Level1:439, Level1:440",专题内无相邻题号，从全局末尾分配
Level1_GESP 一级 (语法与顺序逻辑),循环结构专题,1-8-3,03_break _ continue 与循环控制.md,break / continue 与循环控制,"Level1:441, Level1:442, Level1:443",专题内无相邻题号，从全局末尾分配
Level1_GESP 一级 (语法与顺序逻辑),数学基础,1-9-1,01_整除与取模.md,整除与取模,"Level1:444, Level1:445, Level1:446",专题内无相邻题号，从全局末尾分配
Level1_GESP 一级 (语法与顺序逻辑),数学基础,1-9-2,02_四舍五入与浮点数精度.md,四舍五入与浮点数精度,"Level1:447, Level1:448, Level1:449",专题内无相邻题号，从全局末尾分配
Level1_GESP 一级 (语法与顺序逻辑),数学基础,1-9-3,03_绝对值与数学基础综合例题.md,绝对值与数学基础综合例题,"Level1:450, Level1:451, Level1:452",专题内无相邻题号，从全局末尾分配
Level2_GESP 二级 (逻辑进阶),多重选择,2-2-2,02_switch-case 语句.md,switch-case 语句,"Level2:419, Level2:420, Level2:422",专题题号范围 Level2:97~Level2:418，在末尾追加
Level2_GESP 二级 (逻辑进阶),循环进阶,2-3-2,02_do-while 循环.md,do-while 循环,"Level2:310, Level2:311, Level2:312",专题题号范围 Level2:82~Level2:309，在末尾追加
Level2_GESP 二级 (逻辑进阶),数组初探,2-6-1,01_一维数组定义与访问.md,一维数组定义与访问,"Level2:371, Level2:372, Level2:373",专题题号范围 Level2:73~Level2:370，在末尾追加
Level2_GESP 二级 (逻辑进阶),数组初探,2-6-2,02_数组遍历与求和.md,数组遍历与求和,"Level2:371, Level2:372, Level2:373",专题题号范围 Level2:73~Level2:370，在末尾追加
Level2_GESP 二级 (逻辑进阶),ASCII 编码与字符处理,2-7-1,01_ASCII 编码表与字符读取.md,ASCII 编码表与字符读取,"Level2:427, Level2:428, Level2:429",专题内无相邻题号，从全局末尾分配
Level2_GESP 二级 (逻辑进阶),ASCII 编码与字符处理,2-7-2,02_字符与整数的相互转换.md,字符与整数的相互转换,"Level2:430, Level2:431, Level2:432",专题内无相邻题号，从全局末尾分配
Level2_GESP 二级 (逻辑进阶),ASCII 编码与字符处理,2-7-3,03_字符判断与大小写转换.md,字符判断与大小写转换,"Level2:433, Level2:434, Level2:435",专题内无相邻题号，从全局末尾分配
Level2_GESP 二级 (逻辑进阶),数学函数,2-8-1,01_max _ min 与比较函数.md,max / min 与比较函数,"Level2:436, Level2:437, Level2:438",专题内无相邻题号，从全局末尾分配
Level2_GESP 二级 (逻辑进阶),数学函数,2-8-2,02_sqrt _ pow _ abs 的用法.md,sqrt / pow / abs 的用法,"Level2:439, Level2:440, Level2:441",专题内无相邻题号，从全局末尾分配
Level2_GESP 二级 (逻辑进阶),数学函数,2-8-3,03_floor _ ceil _ round 取整函数.md,floor / ceil / round 取整函数,"Level2:442, Level2:443, Level2:444",专题内无相邻题号，从全局末尾分配
Level2_GESP 二级 (逻辑进阶),暴力枚举,2-9-1,01_单层枚举基础.md,单层枚举基础,"Level2:445, Level2:446, Level2:447",专题内无相邻题号，从全局末尾分配
Level2_GESP 二级 (逻辑进阶),暴力枚举,2-9-2,02_双重枚举与三重枚举.md,双重枚举与三重枚举,"Level2:448, Level2:449, Level2:450",专题内无相邻题号，从全局末尾分配
Level2_GESP 二级 (逻辑进阶),暴力枚举,2-9-3,03_枚举综合例题.md,枚举综合例题,"Level2:451, Level2:452, Level2:453",专题内无相邻题号，从全局末尾分配
Level2_GESP 二级 (逻辑进阶),模拟,2-10-1,01_模拟思想与步骤拆解.md,模拟思想与步骤拆解,"Level2:454, Level2:455, Level2:456",专题内无相邻题号，从全局末尾分配
Level2_GESP 二级 (逻辑进阶),模拟,2-10-2,02_计数模拟类例题.md,计数模拟类例题,"Level2:457, Level2:458, Level2:459",专题内无相邻题号，从全局末尾分配
Level2_GESP 二级 (逻辑进阶),模拟,2-10-3,03_过程模拟类例题.md,过程模拟类例题,"Level2:460, Level2:461, Level2:462",专题内无相邻题号，从全局末尾分配
Level3_GESP 三级 (算法萌芽),进制与编码,gesp-3-3-3,03_原码、反码、补码.md,原码、反码、补码,"Level3:321, Level3:322, Level3:323",专题题号范围 Level3:32~Level3:320，在末尾追加
Level3_GESP 三级 (算法萌芽),位运算,gesp-3-4-1,01_按位与(&)、或(_)、异或(^).md,按位与(&)、或(|)、异或(^),"Level3:373, Level3:374, Level3:375",专题内无相邻题号，从全局末尾分配
Level3_GESP 三级 (算法萌芽),位运算,gesp-3-4-2,02_左移(__) 与 右移(__).md,左移(<<) 与 右移(>>),"Level3:376, Level3:377, Level3:378",专题内无相邻题号，从全局末尾分配
Level3_GESP 三级 (算法萌芽),原码反码补码,3-6-1,01_原码与无符号整数表示.md,原码与无符号整数表示,"Level3:379, Level3:380, Level3:381",专题内无相邻题号，从全局末尾分配
Level3_GESP 三级 (算法萌芽),原码反码补码,3-6-2,02_反码与补码.md,反码与补码,"Level3:382, Level3:383, Level3:384",专题内无相邻题号，从全局末尾分配
Level3_GESP 三级 (算法萌芽),原码反码补码,3-6-3,03_溢出与数据范围.md,溢出与数据范围,"Level3:385, Level3:386, Level3:387",专题内无相邻题号，从全局末尾分配
Level3_GESP 三级 (算法萌芽),枚举法专题,3-7-1,01_多维枚举与数组结合.md,多维枚举与数组结合,"Level3:388, Level3:389, Level3:390",专题内无相邻题号，从全局末尾分配
Level3_GESP 三级 (算法萌芽),枚举法专题,3-7-2,02_子集枚举（位运算辅助）.md,子集枚举（位运算辅助）,"Level3:391, Level3:392, Level3:393",专题内无相邻题号，从全局末尾分配
Level3_GESP 三级 (算法萌芽),枚举法专题,3-7-3,03_枚举剪枝与效率分析.md,枚举剪枝与效率分析,"Level3:394, Level3:395, Level3:396",专题内无相邻题号，从全局末尾分配
Level3_GESP 三级 (算法萌芽),模拟专题,3-8-1,01_数组模拟栈_队列.md,数组模拟栈/队列,"Level3:397, Level3:398, Level3:399",专题内无相邻题号，从全局末尾分配
Level3_GESP 三级 (算法萌芽),模拟专题,3-8-2,02_矩阵_方格模拟.md,矩阵/方格模拟,"Level3:400, Level3:401, Level3:402",专题内无相邻题号，从全局末尾分配
Level3_GESP 三级 (算法萌芽),模拟专题,3-8-3,03_字符串模拟类例题.md,字符串模拟类例题,"Level3:403, Level3:404, Level3:405",专题内无相邻题号，从全局末尾分配
Level4_GESP 四级 (函数与排序),排序算法,4-3-1,01_冒泡排序.md,冒泡排序,"Level4:405, Level4:406, Level4:407",专题题号范围 Level4:120~Level4:404，在末尾追加
Level4_GESP 四级 (函数与排序),排序算法,4-3-2,02_选择排序.md,选择排序,"Level4:405, Level4:406, Level4:407",专题题号范围 Level4:120~Level4:404，在末尾追加
Level4_GESP 四级 (函数与排序),排序算法,4-3-3,03_插入排序.md,插入排序,"Level4:405, Level4:406, Level4:407",专题题号范围 Level4:120~Level4:404，在末尾追加
Level4_GESP 四级 (函数与排序),排序算法,4-3-5,05_结构体排序.md,结构体排序,"Level4:405, Level4:406, Level4:407",专题题号范围 Level4:120~Level4:404，在末尾追加
Level4_GESP 四级 (函数与排序),二维数组,gesp-4-4-2,02_杨辉三角 (二维数组版).md,杨辉三角 (二维数组版),"Level4:82, Level4:83, Level4:84",专题题号范围 Level4:74~Level4:81，在末尾追加
Level4_GESP 四级 (函数与排序),递推算法,4-5-1,01_斐波那契数列.md,斐波那契数列,"Level4:529, Level4:530, Level4:531",专题题号范围 Level4:512~Level4:528，在末尾追加
Level4_GESP 四级 (函数与排序),指针与引用,4-6-1,01_指针的概念与基本操作.md,指针的概念与基本操作,"Level4:529, Level4:530, Level4:531",专题内无相邻题号，从全局末尾分配
Level4_GESP 四级 (函数与排序),指针与引用,4-6-2,02_值传递与引用传递（& 参数）.md,值传递与引用传递（& 参数）,"Level4:532, Level4:533, Level4:534",专题内无相邻题号，从全局末尾分配
Level4_GESP 四级 (函数与排序),指针与引用,4-6-3,03_指针与数组的关系.md,指针与数组的关系,"Level4:535, Level4:536, Level4:537",专题内无相邻题号，从全局末尾分配
Level4_GESP 四级 (函数与排序),算法复杂度,4-7-1,01_时间复杂度概念与 O 记号.md,时间复杂度概念与 O 记号,"Level4:538, Level4:539, Level4:540",专题内无相邻题号，从全局末尾分配
Level4_GESP 四级 (函数与排序),算法复杂度,4-7-2,02_常见复杂度量级（O(1)_O(n)_O(n²)_O(log n)）.md,常见复杂度量级（O(1)/O(n)/O(n²)/O(log n)）,"Level4:541, Level4:542, Level4:543",专题内无相邻题号，从全局末尾分配
Level4_GESP 四级 (函数与排序),算法复杂度,4-7-3,03_复杂度估算与超时判断.md,复杂度估算与超时判断,"Level4:544, Level4:545, Level4:546",专题内无相邻题号，从全局末尾分配
Level5_GESP 五级 (数论与效率),算法效率,5-1-1,01_时间复杂度 (Big O).md,时间复杂度 (Big O),"Level5:536, Level5:537, Level5:538",专题内无相邻题号，从全局末尾分配
Level5_GESP 五级 (数论与效率),算法效率,5-1-2,02_空间复杂度.md,空间复杂度,"Level5:539, Level5:540, Level5:541",专题内无相邻题号，从全局末尾分配
Level5_GESP 五级 (数论与效率),算法效率,5-1-3,03_STL.md,STL,"Level5:542, Level5:543, Level5:544",专题内无相邻题号，从全局末尾分配
Level5_GESP 五级 (数论与效率),数论基础,5-2-2,02_埃氏筛法与线性筛.md,埃氏筛法与线性筛,"Level5:320, Level5:321, Level5:322",专题题号范围 Level5:50~Level5:319，在末尾追加
Level5_GESP 五级 (数论与效率),数论基础,5-2-3,03_GCD 与 LCM.md,GCD 与 LCM,"Level5:320, Level5:321, Level5:322",专题题号范围 Level5:50~Level5:319，在末尾追加
Level5_GESP 五级 (数论与效率),数论基础,5-2-6,06_排列组合.md,排列组合,"Level5:320, Level5:321, Level5:322",专题题号范围 Level5:50~Level5:319，在末尾追加
Level5_GESP 五级 (数论与效率),数论基础,5-2-7,07_模和同余.md,模和同余,"Level5:320, Level5:321, Level5:322",专题题号范围 Level5:50~Level5:319，在末尾追加
Level5_GESP 五级 (数论与效率),前缀和差分,5-5-3,03_区间更新与查询综合应用.md,区间更新与查询综合应用,"Level5:536, Level5:537, Level5:538",专题题号范围 Level5:3~Level5:530，在末尾追加
Level5_GESP 五级 (数论与效率),递归算法,5-7-1,01_递归算法基本概念.md,递归算法基本概念,"Level5:527, Level5:528, Level5:536",专题题号范围 Level5:526~Level5:526，在末尾追加
Level5_GESP 五级 (数论与效率),递归算法,5-7-2,02_经典递归示例：阶乘与斐波那契.md,经典递归示例：阶乘与斐波那契,"Level5:527, Level5:528, Level5:536",专题题号范围 Level5:526~Level5:526，在末尾追加
Level5_GESP 五级 (数论与效率),递归算法,5-7-4,04_递归应用实例：汉诺塔与回溯.md,递归应用实例：汉诺塔与回溯,"Level5:527, Level5:528, Level5:536",专题题号范围 Level5:526~Level5:526，在末尾追加
Level5_GESP 五级 (数论与效率),STL 容器,5-8-1,01_vector 与 pair 基础用法.md,vector 与 pair 基础用法,"Level5:545, Level5:546, Level5:547",专题内无相邻题号，从全局末尾分配
Level5_GESP 五级 (数论与效率),STL 容器,5-8-2,02_set _ map 的遍历与查找.md,set / map 的遍历与查找,"Level5:548, Level5:549, Level5:550",专题内无相邻题号，从全局末尾分配
Level5_GESP 五级 (数论与效率),STL 容器,5-8-3,03_priority_queue 优先队列.md,priority_queue 优先队列,"Level5:551, Level5:552, Level5:553",专题内无相邻题号，从全局末尾分配
Level5_GESP 五级 (数论与效率),链表,5-9-1,01_单链表基础（数组模拟）.md,单链表基础（数组模拟）,"Level5:554, Level5:555, Level5:556",专题内无相邻题号，从全局末尾分配
Level5_GESP 五级 (数论与效率),链表,5-9-2,02_双链表与循环链表.md,双链表与循环链表,"Level5:557, Level5:558, Level5:559",专题内无相邻题号，从全局末尾分配
Level5_GESP 五级 (数论与效率),链表,5-9-3,03_链表综合例题.md,链表综合例题,"Level5:560, Level5:561, Level5:562",专题内无相邻题号，从全局末尾分配
Level5_GESP 五级 (数论与效率),双指针,5-10-1,01_相向双指针.md,相向双指针,"Level5:563, Level5:564, Level5:565",专题内无相邻题号，从全局末尾分配
Level5_GESP 五级 (数论与效率),双指针,5-10-2,02_同向双指针（滑动窗口）.md,同向双指针（滑动窗口）,"Level5:566, Level5:567, Level5:568",专题内无相邻题号，从全局末尾分配
Level5_GESP 五级 (数论与效率),双指针,5-10-3,03_双指针综合例题.md,双指针综合例题,"Level5:569, Level5:570, Level5:571",专题内无相邻题号，从全局末尾分配
Level5_GESP 五级 (数论与效率),三分法,5-11-1,01_整数三分.md,整数三分,"Level5:572, Level5:573, Level5:574",专题内无相邻题号，从全局末尾分配
Level5_GESP 五级 (数论与效率),三分法,5-11-2,02_实数三分与精度控制.md,实数三分与精度控制,"Level5:575, Level5:576, Level5:577",专题内无相邻题号，从全局末尾分配
Level5_GESP 五级 (数论与效率),分治算法,5-12-1,01_分治思想与归并排序.md,分治思想与归并排序,"Level5:578, Level5:579, Level5:580",专题内无相邻题号，从全局末尾分配
Level5_GESP 五级 (数论与效率),分治算法,5-12-2,02_逆序对统计.md,逆序对统计,"Level5:581, Level5:582, Level5:583",专题内无相邻题号，从全局末尾分配
Level5_GESP 五级 (数论与效率),分治算法,5-12-3,03_经典分治例题.md,经典分治例题,"Level5:584, Level5:585, Level5:586",专题内无相邻题号，从全局末尾分配
Level6_GESP 六级 (数据结构),数据结构进阶,6-1-1,01_栈 (Stack) 与 STL.md,栈 (Stack) 与 STL,"Level6:1, Level6:2, Level6:3",专题内无相邻题号，从全局末尾分配
Level6_GESP 六级 (数据结构),数据结构进阶,6-1-2,02_队列 (Queue) 与 STL.md,队列 (Queue) 与 STL,"Level6:4, Level6:5, Level6:6",专题内无相邻题号，从全局末尾分配
Level6_GESP 六级 (数据结构),数据结构进阶,6-1-3,03_优先队列(priority_queue) 与 STL.md,优先队列(priority_queue) 与 STL,"Level6:7, Level6:8, Level6:9",专题内无相邻题号，从全局末尾分配
Level6_GESP 六级 (数据结构),树结构,gesp-6-2-1,01_树与二叉树概念.md,树与二叉树概念,"Level6:10, Level6:11, Level6:12",专题内无相邻题号，从全局末尾分配
Level6_GESP 六级 (数据结构),树结构,gesp-6-2-2,02_二叉树遍历 (前中后).md,二叉树遍历 (前中后),"Level6:13, Level6:14, Level6:15",专题内无相邻题号，从全局末尾分配
Level6_GESP 六级 (数据结构),树结构,gesp-6-2-3,03_哈夫曼树.md,哈夫曼树,"Level6:16, Level6:17, Level6:18",专题内无相邻题号，从全局末尾分配
Level6_GESP 六级 (数据结构),搜索算法,gesp-6-3-1,01_深度优先搜索 (DFS).md,深度优先搜索 (DFS),"Level6:19, Level6:20, Level6:21",专题内无相邻题号，从全局末尾分配
Level6_GESP 六级 (数据结构),搜索算法,gesp-6-3-2,02_广度优先搜索 (BFS).md,广度优先搜索 (BFS),"Level6:22, Level6:23, Level6:24",专题内无相邻题号，从全局末尾分配
Level6_GESP 六级 (数据结构),动态规划入门,gesp-6-4-1,01_记忆化搜索.md,记忆化搜索,"Level6:25, Level6:26, Level6:27",专题内无相邻题号，从全局末尾分配
Level6_GESP 六级 (数据结构),动态规划入门,gesp-6-4-2,02_简单一维 DP.md,简单一维 DP,"Level6:28, Level6:29, Level6:30",专题内无相邻题号，从全局末尾分配
Level6_GESP 六级 (数据结构),栈,6-5-1,01_栈的基本用法.md,栈的基本用法,"Level6:31, Level6:32, Level6:33",专题内无相邻题号，从全局末尾分配
Level6_GESP 六级 (数据结构),栈,6-5-2,02_括号匹配与合法性判断.md,括号匹配与合法性判断,"Level6:34, Level6:35, Level6:36",专题内无相邻题号，从全局末尾分配
Level6_GESP 六级 (数据结构),栈,6-5-3,03_栈的应用例题.md,栈的应用例题,"Level6:37, Level6:38, Level6:39",专题内无相邻题号，从全局末尾分配
Level6_GESP 六级 (数据结构),队列,6-6-1,01_队列基本用法.md,队列基本用法,"Level6:40, Level6:41, Level6:42",专题内无相邻题号，从全局末尾分配
Level6_GESP 六级 (数据结构),队列,6-6-2,02_双端队列 deque.md,双端队列 deque,"Level6:43, Level6:44, Level6:45",专题内无相邻题号，从全局末尾分配
Level6_GESP 六级 (数据结构),队列,6-6-3,03_队列的应用例题.md,队列的应用例题,"Level6:46, Level6:47, Level6:48",专题内无相邻题号，从全局末尾分配
Level6_GESP 六级 (数据结构),哈夫曼树,6-7-1,01_哈夫曼树的构造.md,哈夫曼树的构造,"Level6:49, Level6:50, Level6:51",专题内无相邻题号，从全局末尾分配
Level6_GESP 六级 (数据结构),哈夫曼树,6-7-2,02_哈夫曼编码与解码.md,哈夫曼编码与解码,"Level6:52, Level6:53, Level6:54",专题内无相邻题号，从全局末尾分配
Level6_GESP 六级 (数据结构),哈夫曼树,6-7-3,03_带权路径长度练习.md,带权路径长度练习,"Level6:55, Level6:56, Level6:57",专题内无相邻题号，从全局末尾分配
Level6_GESP 六级 (数据结构),DFS 深度优先搜索,6-8-1,01_DFS 基本框架.md,DFS 基本框架,"Level6:58, Level6:59, Level6:60",专题内无相邻题号，从全局末尾分配
Level6_GESP 六级 (数据结构),DFS 深度优先搜索,6-8-2,02_连通块与涂色问题.md,连通块与涂色问题,"Level6:61, Level6:62, Level6:63",专题内无相邻题号，从全局末尾分配
Level6_GESP 六级 (数据结构),DFS 深度优先搜索,6-8-3,03_路径枚举与剪枝.md,路径枚举与剪枝,"Level6:64, Level6:65, Level6:66",专题内无相邻题号，从全局末尾分配
Level6_GESP 六级 (数据结构),BFS 广度优先搜索,6-9-1,01_BFS 基本框架.md,BFS 基本框架,"Level6:67, Level6:68, Level6:69",专题内无相邻题号，从全局末尾分配
Level6_GESP 六级 (数据结构),BFS 广度优先搜索,6-9-2,02_迷宫最短路.md,迷宫最短路,"Level6:70, Level6:71, Level6:72",专题内无相邻题号，从全局末尾分配
Level6_GESP 六级 (数据结构),BFS 广度优先搜索,6-9-3,03_多源 BFS 与 0-1 BFS.md,多源 BFS 与 0-1 BFS,"Level6:73, Level6:74, Level6:75",专题内无相邻题号，从全局末尾分配
Level6_GESP 六级 (数据结构),线性 DP,6-10-1,01_线性 DP 基础与状态设计.md,线性 DP 基础与状态设计,"Level6:76, Level6:77, Level6:78",专题内无相邻题号，从全局末尾分配
Level6_GESP 六级 (数据结构),线性 DP,6-10-2,02_最长递增子序列 LIS.md,最长递增子序列 LIS,"Level6:79, Level6:80, Level6:81",专题内无相邻题号，从全局末尾分配
Level6_GESP 六级 (数据结构),线性 DP,6-10-3,03_最长公共子序列 LCS.md,最长公共子序列 LCS,"Level6:82, Level6:83, Level6:84",专题内无相邻题号，从全局末尾分配
Level6_GESP 六级 (数据结构),背包 DP,6-11-1,01_0-1 背包.md,0-1 背包,"Level6:85, Level6:86, Level6:87",专题内无相邻题号，从全局末尾分配
Level6_GESP 六级 (数据结构),背包 DP,6-11-2,02_完全背包.md,完全背包,"Level6:88, Level6:89, Level6:90",专题内无相邻题号，从全局末尾分配
Level6_GESP 六级 (数据结构),背包 DP,6-11-3,03_多重背包与混合背包.md,多重背包与混合背包,"Level6:91, Level6:92, Level6:93",专题内无相邻题号，从全局末尾分配
Level7_GESP 七级 (图论与DP),图的存储与遍历,gesp-7-1-1,01_邻接矩阵与邻接表.md,邻接矩阵与邻接表,"Level7:1, Level7:2, Level7:3",专题内无相邻题号，从全局末尾分配
Level7_GESP 七级 (图论与DP),图的存储与遍历,gesp-7-1-2,02_图的 DFS 与 BFS.md,图的 DFS 与 BFS,"Level7:4, Level7:5, Level7:6",专题内无相邻题号，从全局末尾分配
Level7_GESP 七级 (图论与DP),树状数组,7-2-1,01_树状数组原理与单点更新.md,树状数组原理与单点更新,"Level7:7, Level7:8, Level7:9",专题内无相邻题号，从全局末尾分配
Level7_GESP 七级 (图论与DP),树状数组,7-2-2,02_区间查询与前缀差分技巧.md,区间查询与前缀差分技巧,"Level7:10, Level7:11, Level7:12",专题内无相邻题号，从全局末尾分配
Level7_GESP 七级 (图论与DP),树状数组,7-2-3,03_区间更新与区间查询扩展.md,区间更新与区间查询扩展,"Level7:13, Level7:14, Level7:15",专题内无相邻题号，从全局末尾分配
Level7_GESP 七级 (图论与DP),树状数组,7-2-4,04_离散化技术与树状数组结合.md,离散化技术与树状数组结合,"Level7:16, Level7:17, Level7:18",专题内无相邻题号，从全局末尾分配
Level7_GESP 七级 (图论与DP),树状数组,7-2-5,05_二维树状数组与高级应用.md,二维树状数组与高级应用,"Level7:19, Level7:20, Level7:21",专题内无相邻题号，从全局末尾分配
Level7_GESP 七级 (图论与DP),进阶动态规划,gesp-7-2-1,01_最长上升子序列 (LIS).md,最长上升子序列 (LIS),"Level7:22, Level7:23, Level7:24",专题内无相邻题号，从全局末尾分配
Level7_GESP 七级 (图论与DP),进阶动态规划,gesp-7-2-2,02_最长公共子序列 (LCS).md,最长公共子序列 (LCS),"Level7:25, Level7:26, Level7:27",专题内无相邻题号，从全局末尾分配
Level7_GESP 七级 (图论与DP),进阶动态规划,gesp-7-2-3,03_0_1 背包与完全背包.md,0/1 背包与完全背包,"Level7:28, Level7:29, Level7:30",专题内无相邻题号，从全局末尾分配
Level7_GESP 七级 (图论与DP),进阶图算法,gesp-7-3-1,01_Flood Fill (泛洪算法).md,Flood Fill (泛洪算法),"Level7:31, Level7:32, Level7:33",专题内无相邻题号，从全局末尾分配
Level7_GESP 七级 (图论与DP),进阶图算法,gesp-7-3-2,02_拓扑排序.md,拓扑排序,"Level7:34, Level7:35, Level7:36",专题内无相邻题号，从全局末尾分配
Level7_GESP 七级 (图论与DP),快速幂,7-5-1,01_快速幂基础.md,快速幂基础,"Level7:37, Level7:38, Level7:39",专题内无相邻题号，从全局末尾分配
Level7_GESP 七级 (图论与DP),快速幂,7-5-2,02_矩阵快速幂入门.md,矩阵快速幂入门,"Level7:40, Level7:41, Level7:42",专题内无相邻题号，从全局末尾分配
Level7_GESP 七级 (图论与DP),快速幂,7-5-3,03_快速幂应用例题.md,快速幂应用例题,"Level7:43, Level7:44, Level7:45",专题内无相邻题号，从全局末尾分配
Level7_GESP 七级 (图论与DP),哈希,7-6-1,01_哈希表与冲突处理.md,哈希表与冲突处理,"Level7:46, Level7:47, Level7:48",专题内无相邻题号，从全局末尾分配
Level7_GESP 七级 (图论与DP),哈希,7-6-2,02_字符串哈希（多项式哈希）.md,字符串哈希（多项式哈希）,"Level7:49, Level7:50, Level7:51",专题内无相邻题号，从全局末尾分配
Level7_GESP 七级 (图论与DP),哈希,7-6-3,03_哈希应用例题.md,哈希应用例题,"Level7:52, Level7:53, Level7:54",专题内无相邻题号，从全局末尾分配
Level7_GESP 七级 (图论与DP),表达式求值,7-7-1,01_后缀（逆波兰）表达式计算.md,后缀（逆波兰）表达式计算,"Level7:55, Level7:56, Level7:57",专题内无相邻题号，从全局末尾分配
Level7_GESP 七级 (图论与DP),表达式求值,7-7-2,02_中缀表达式转后缀.md,中缀表达式转后缀,"Level7:58, Level7:59, Level7:60",专题内无相邻题号，从全局末尾分配
Level7_GESP 七级 (图论与DP),表达式求值,7-7-3,03_带括号的表达式求值.md,带括号的表达式求值,"Level7:61, Level7:62, Level7:63",专题内无相邻题号，从全局末尾分配
Level7_GESP 七级 (图论与DP),DFS 进阶,7-8-1,01_全排列与回溯.md,全排列与回溯,"Level7:64, Level7:65, Level7:66",专题内无相邻题号，从全局末尾分配
Level7_GESP 七级 (图论与DP),DFS 进阶,7-8-2,02_子集生成与组合枚举.md,子集生成与组合枚举,"Level7:67, Level7:68, Level7:69",专题内无相邻题号，从全局末尾分配
Level7_GESP 七级 (图论与DP),DFS 进阶,7-8-3,03_剪枝技巧与优化.md,剪枝技巧与优化,"Level7:70, Level7:71, Level7:72",专题内无相邻题号，从全局末尾分配
Level7_GESP 七级 (图论与DP),BFS 进阶,7-9-1,01_多源 BFS 与泛洪算法.md,多源 BFS 与泛洪算法,"Level7:73, Level7:74, Level7:75",专题内无相邻题号，从全局末尾分配
Level7_GESP 七级 (图论与DP),BFS 进阶,7-9-2,02_双向 BFS.md,双向 BFS,"Level7:76, Level7:77, Level7:78",专题内无相邻题号，从全局末尾分配
Level7_GESP 七级 (图论与DP),BFS 进阶,7-9-3,03_A_ 思想入门.md,A* 思想入门,"Level7:79, Level7:80, Level7:81",专题内无相邻题号，从全局末尾分配
Level7_GESP 七级 (图论与DP),区间 DP,7-10-1,01_区间 DP 基本框架.md,区间 DP 基本框架,"Level7:82, Level7:83, Level7:84",专题内无相邻题号，从全局末尾分配
Level7_GESP 七级 (图论与DP),区间 DP,7-10-2,02_石子归并问题.md,石子归并问题,"Level7:85, Level7:86, Level7:87",专题内无相邻题号，从全局末尾分配
Level7_GESP 七级 (图论与DP),区间 DP,7-10-3,03_括号合并与字符串区间DP.md,括号合并与字符串区间DP,"Level7:88, Level7:89, Level7:90",专题内无相邻题号，从全局末尾分配
Level7_GESP 七级 (图论与DP),树上 DP,7-11-1,01_树形 DP 基础框架.md,树形 DP 基础框架,"Level7:91, Level7:92, Level7:93",专题内无相邻题号，从全局末尾分配
Level7_GESP 七级 (图论与DP),树上 DP,7-11-2,02_树上独立集与点覆盖.md,树上独立集与点覆盖,"Level7:94, Level7:95, Level7:96",专题内无相邻题号，从全局末尾分配
Level7_GESP 七级 (图论与DP),树上 DP,7-11-3,03_树上路径与直径DP.md,树上路径与直径DP,"Level7:97, Level7:98, Level7:99",专题内无相邻题号，从全局末尾分配
Level7_GESP 七级 (图论与DP),二维 DP,7-12-1,01_二维 DP 基础（方格路径）.md,二维 DP 基础（方格路径）,"Level7:100, Level7:101, Level7:102",专题内无相邻题号，从全局末尾分配
Level7_GESP 七级 (图论与DP),二维 DP,7-12-2,02_编辑距离.md,编辑距离,"Level7:103, Level7:104, Level7:105",专题内无相邻题号，从全局末尾分配
Level7_GESP 七级 (图论与DP),二维 DP,7-12-3,03_二维 DP 综合例题.md,二维 DP 综合例题,"Level7:106, Level7:107, Level7:108",专题内无相邻题号，从全局末尾分配
Level8_GESP 八级 (综合巅峰),最短路径,gesp-8-1-1,01_Dijkstra 算法.md,Dijkstra 算法,"Level8:1, Level8:2, Level8:3",专题内无相邻题号，从全局末尾分配
Level8_GESP 八级 (综合巅峰),最短路径,gesp-8-1-2,02_Floyd 算法.md,Floyd 算法,"Level8:4, Level8:5, Level8:6",专题内无相邻题号，从全局末尾分配
Level8_GESP 八级 (综合巅峰),最小生成树,gesp-8-2-1,01_Prim 算法.md,Prim 算法,"Level8:7, Level8:8, Level8:9",专题内无相邻题号，从全局末尾分配
Level8_GESP 八级 (综合巅峰),最小生成树,gesp-8-2-2,02_Kruskal 算法 (并查集).md,Kruskal 算法 (并查集),"Level8:10, Level8:11, Level8:12",专题内无相邻题号，从全局末尾分配
Level8_GESP 八级 (综合巅峰),组合数学,gesp-8-3-1,01_排列与组合公式.md,排列与组合公式,"Level8:13, Level8:14, Level8:15",专题内无相邻题号，从全局末尾分配
Level8_GESP 八级 (综合巅峰),组合数学,gesp-8-3-2,02_杨辉三角与组合数.md,杨辉三角与组合数,"Level8:16, Level8:17, Level8:18",专题内无相邻题号，从全局末尾分配
Level8_GESP 八级 (综合巅峰),算法优化技巧,gesp-8-4-1,01_倍增法 (LCA).md,倍增法 (LCA),"Level8:19, Level8:20, Level8:21",专题内无相邻题号，从全局末尾分配
Level8_GESP 八级 (综合巅峰),算法优化技巧,gesp-8-4-2,02_前缀和与差分.md,前缀和与差分,"Level8:22, Level8:23, Level8:24",专题内无相邻题号，从全局末尾分配
Level8_GESP 八级 (综合巅峰),线段树,8-5-1,01_线段树基础与实现.md,线段树基础与实现,"Level8:25, Level8:26, Level8:27",专题内无相邻题号，从全局末尾分配
Level8_GESP 八级 (综合巅峰),线段树,8-5-2,02_懒标记与区间更新.md,懒标记与区间更新,"Level8:28, Level8:29, Level8:30",专题内无相邻题号，从全局末尾分配
Level8_GESP 八级 (综合巅峰),线段树,8-5-3,03_可持久化线段树.md,可持久化线段树,"Level8:31, Level8:32, Level8:33",专题内无相邻题号，从全局末尾分配
Level8_GESP 八级 (综合巅峰),线段树,8-5-4,04_归并排序树与分块树.md,归并排序树与分块树,"Level8:34, Level8:35, Level8:36",专题内无相邻题号，从全局末尾分配
Level8_GESP 八级 (综合巅峰),线段树,8-5-5,05_线段树优化：Beats 技巧.md,线段树优化：Beats 技巧,"Level8:37, Level8:38, Level8:39",专题内无相邻题号，从全局末尾分配
Level8_GESP 八级 (综合巅峰),并查集,8-6-1,01_并查集基础（路径压缩）.md,并查集基础（路径压缩）,"Level8:40, Level8:41, Level8:42",专题内无相邻题号，从全局末尾分配
Level8_GESP 八级 (综合巅峰),并查集,8-6-2,02_带权并查集.md,带权并查集,"Level8:43, Level8:44, Level8:45",专题内无相邻题号，从全局末尾分配
Level8_GESP 八级 (综合巅峰),并查集,8-6-3,03_扩展并查集与应用.md,扩展并查集与应用,"Level8:46, Level8:47, Level8:48",专题内无相邻题号，从全局末尾分配
Level8_GESP 八级 (综合巅峰),优先队列与堆,8-7-1,01_二叉堆与优先队列.md,二叉堆与优先队列,"Level8:49, Level8:50, Level8:51",专题内无相邻题号，从全局末尾分配
Level8_GESP 八级 (综合巅峰),优先队列与堆,8-7-2,02_堆优化 Dijkstra.md,堆优化 Dijkstra,"Level8:52, Level8:53, Level8:54",专题内无相邻题号，从全局末尾分配
Level8_GESP 八级 (综合巅峰),优先队列与堆,8-7-3,03_优先队列贪心例题.md,优先队列贪心例题,"Level8:55, Level8:56, Level8:57",专题内无相邻题号，从全局末尾分配
Level8_GESP 八级 (综合巅峰),拓扑排序,8-8-1,01_拓扑排序 BFS 实现.md,拓扑排序 BFS 实现,"Level8:58, Level8:59, Level8:60",专题内无相邻题号，从全局末尾分配
Level8_GESP 八级 (综合巅峰),拓扑排序,8-8-2,02_拓扑排序判环.md,拓扑排序判环,"Level8:61, Level8:62, Level8:63",专题内无相邻题号，从全局末尾分配
Level8_GESP 八级 (综合巅峰),拓扑排序,8-8-3,03_拓扑排序上的 DP.md,拓扑排序上的 DP,"Level8:64, Level8:65, Level8:66",专题内无相邻题号，从全局末尾分配
Level8_GESP 八级 (综合巅峰),Floyd 全源最短路,8-9-1,01_Floyd 算法原理.md,Floyd 算法原理,"Level8:67, Level8:68, Level8:69",专题内无相邻题号，从全局末尾分配
Level8_GESP 八级 (综合巅峰),Floyd 全源最短路,8-9-2,02_传递闭包.md,传递闭包,"Level8:70, Level8:71, Level8:72",专题内无相邻题号，从全局末尾分配
Level8_GESP 八级 (综合巅峰),Floyd 全源最短路,8-9-3,03_Floyd 综合例题.md,Floyd 综合例题,"Level8:73, Level8:74, Level8:75",专题内无相邻题号，从全局末尾分配
Level8_GESP 八级 (综合巅峰),倍增与 LCA,8-10-1,01_倍增法基础.md,倍增法基础,"Level8:76, Level8:77, Level8:78",专题内无相邻题号，从全局末尾分配
Level8_GESP 八级 (综合巅峰),倍增与 LCA,8-10-2,02_最近公共祖先（LCA）.md,最近公共祖先（LCA）,"Level8:79, Level8:80, Level8:81",专题内无相邻题号，从全局末尾分配
Level8_GESP 八级 (综合巅峰),倍增与 LCA,8-10-3,03_LCA 的应用：树上路径距离.md,LCA 的应用：树上路径距离,"Level8:82, Level8:83, Level8:84",专题内无相邻题号，从全局末尾分配
Level8_GESP 八级 (综合巅峰),树的直径与重心,8-11-1,01_树的直径（两次 DFS）.md,树的直径（两次 DFS）,"Level8:85, Level8:86, Level8:87",专题内无相邻题号，从全局末尾分配
Level8_GESP 八级 (综合巅峰),树的直径与重心,8-11-2,02_树的重心.md,树的重心,"Level8:88, Level8:89, Level8:90",专题内无相邻题号，从全局末尾分配
Level8_GESP 八级 (综合巅峰),树的直径与重心,8-11-3,03_直径与重心综合例题.md,直径与重心综合例题,"Level8:91, Level8:92, Level8:93",专题内无相邻题号，从全局末尾分配
Level8_GESP 八级 (综合巅峰),树上差分,8-12-1,01_树上点差分.md,树上点差分,"Level8:94, Level8:95, Level8:96",专题内无相邻题号，从全局末尾分配
Level8_GESP 八级 (综合巅峰),树上差分,8-12-2,02_树上边差分.md,树上边差分,"Level8:97, Level8:98, Level8:99",专题内无相邻题号，从全局末尾分配
Level8_GESP 八级 (综合巅峰),树上差分,8-12-3,03_树上差分综合例题.md,树上差分综合例题,"Level8:100, Level8:101, Level8:102",专题内无相邻题号，从全局末尾分配
Level8_GESP 八级 (综合巅峰),数论进阶,8-13-1,01_欧拉函数与欧拉定理.md,欧拉函数与欧拉定理,"Level8:103, Level8:104, Level8:105",专题内无相邻题号，从全局末尾分配
Level8_GESP 八级 (综合巅峰),数论进阶,8-13-2,02_乘法逆元（费马小定理 & 线性逆元）.md,乘法逆元（费马小定理 & 线性逆元）,"Level8:106, Level8:107, Level8:108",专题内无相邻题号，从全局末尾分配
Level8_GESP 八级 (综合巅峰),数论进阶,8-13-3,03_容斥原理.md,容斥原理,"Level8:109, Level8:110, Level8:111",专题内无相邻题号，从全局末尾分配
Level8_GESP 八级 (综合巅峰),离散化与 ST 表,8-14-1,01_离散化（坐标压缩）.md,离散化（坐标压缩）,"Level8:112, Level8:113, Level8:114",专题内无相邻题号，从全局末尾分配
Level8_GESP 八级 (综合巅峰),离散化与 ST 表,8-14-2,02_ST 表与稀疏表.md,ST 表与稀疏表,"Level8:115, Level8:116, Level8:117",专题内无相邻题号，从全局末尾分配
Level8_GESP 八级 (综合巅峰),离散化与 ST 表,8-14-3,03_RMQ 综合例题.md,RMQ 综合例题,"Level8:118, Level8:119, Level8:120",专题内无相邻题号，从全局末尾分配
Level8_GESP 八级 (综合巅峰),差分约束,8-15-1,01_差分约束系统原理.md,差分约束系统原理,"Level8:121, Level8:122, Level8:123",专题内无相邻题号，从全局末尾分配
Level8_GESP 八级 (综合巅峰),差分约束,8-15-2,02_SPFA 判负环.md,SPFA 判负环,"Level8:124, Level8:125, Level8:126",专题内无相邻题号，从全局末尾分配
Level8_GESP 八级 (综合巅峰),差分约束,8-15-3,03_差分约束综合例题.md,差分约束综合例题,"Level8:127, Level8:128, Level8:129",专题内无相邻题号，从全局末尾分配
Level9_GESP 九级 (CSP-S 竞赛基础),字符串算法,9-1-1,01_KMP 字符串匹配.md,KMP 字符串匹配,"Level9:1, Level9:2, Level9:3",专题内无相邻题号，从全局末尾分配
Level9_GESP 九级 (CSP-S 竞赛基础),字符串算法,9-1-2,02_Z 函数（扩展 KMP）.md,Z 函数（扩展 KMP）,"Level9:4, Level9:5, Level9:6",专题内无相邻题号，从全局末尾分配
Level9_GESP 九级 (CSP-S 竞赛基础),字符串算法,9-1-3,03_Trie 字典树.md,Trie 字典树,"Level9:7, Level9:8, Level9:9",专题内无相邻题号，从全局末尾分配
Level9_GESP 九级 (CSP-S 竞赛基础),字符串算法,9-1-4,04_AC 自动机（多模式串匹配）.md,AC 自动机（多模式串匹配）,"Level9:10, Level9:11, Level9:12",专题内无相邻题号，从全局末尾分配
Level9_GESP 九级 (CSP-S 竞赛基础),字符串算法,9-1-5,05_Manacher 回文算法.md,Manacher 回文算法,"Level9:13, Level9:14, Level9:15",专题内无相邻题号，从全局末尾分配
Level9_GESP 九级 (CSP-S 竞赛基础),搜索进阶与贪心,9-2-1,01_迭代加深搜索（IDA_）.md,迭代加深搜索（IDA*）,"Level9:16, Level9:17, Level9:18",专题内无相邻题号，从全局末尾分配
Level9_GESP 九级 (CSP-S 竞赛基础),搜索进阶与贪心,9-2-2,02_反悔贪心与可撤销决策.md,反悔贪心与可撤销决策,"Level9:19, Level9:20, Level9:21",专题内无相邻题号，从全局末尾分配
Level9_GESP 九级 (CSP-S 竞赛基础),搜索进阶与贪心,9-2-3,03_随机化算法入门.md,随机化算法入门,"Level9:22, Level9:23, Level9:24",专题内无相邻题号，从全局末尾分配
Level9_GESP 九级 (CSP-S 竞赛基础),数论进阶,9-3-1,01_数论分块（整除分块）.md,数论分块（整除分块）,"Level9:25, Level9:26, Level9:27",专题内无相邻题号，从全局末尾分配
Level9_GESP 九级 (CSP-S 竞赛基础),数论进阶,9-3-2,02_扩展 GCD 与裴蜀定理.md,扩展 GCD 与裴蜀定理,"Level9:28, Level9:29, Level9:30",专题内无相邻题号，从全局末尾分配
Level9_GESP 九级 (CSP-S 竞赛基础),数论进阶,9-3-3,03_BSGS 大步小步算法.md,BSGS 大步小步算法,"Level9:31, Level9:32, Level9:33",专题内无相邻题号，从全局末尾分配
Level9_GESP 九级 (CSP-S 竞赛基础),数论进阶,9-3-4,04_中国剩余定理（CRT）.md,中国剩余定理（CRT）,"Level9:34, Level9:35, Level9:36",专题内无相邻题号，从全局末尾分配
Level9_GESP 九级 (CSP-S 竞赛基础),数论进阶,9-3-5,05_Lucas 定理与大组合数取模.md,Lucas 定理与大组合数取模,"Level9:37, Level9:38, Level9:39",专题内无相邻题号，从全局末尾分配
Level9_GESP 九级 (CSP-S 竞赛基础),DP 进阶 · 状压与数位,9-4-1,01_状压 DP 基础.md,状压 DP 基础,"Level9:40, Level9:41, Level9:42",专题内无相邻题号，从全局末尾分配
Level9_GESP 九级 (CSP-S 竞赛基础),DP 进阶 · 状压与数位,9-4-2,02_状压 DP 经典：TSP _ 最小覆盖.md,状压 DP 经典：TSP / 最小覆盖,"Level9:43, Level9:44, Level9:45",专题内无相邻题号，从全局末尾分配
Level9_GESP 九级 (CSP-S 竞赛基础),DP 进阶 · 状压与数位,9-4-3,03_数位 DP 基础（不含前导零处理）.md,数位 DP 基础（不含前导零处理）,"Level9:46, Level9:47, Level9:48",专题内无相邻题号，从全局末尾分配
Level9_GESP 九级 (CSP-S 竞赛基础),DP 进阶 · 状压与数位,9-4-4,04_数位 DP 进阶（前导零 & 限高位）.md,数位 DP 进阶（前导零 & 限高位）,"Level9:49, Level9:50, Level9:51",专题内无相邻题号，从全局末尾分配
Level9_GESP 九级 (CSP-S 竞赛基础),DP 进阶 · 概率期望与换根,9-5-1,01_概率 DP 基础.md,概率 DP 基础,"Level9:52, Level9:53, Level9:54",专题内无相邻题号，从全局末尾分配
Level9_GESP 九级 (CSP-S 竞赛基础),DP 进阶 · 概率期望与换根,9-5-2,02_期望 DP（逆推期望步数）.md,期望 DP（逆推期望步数）,"Level9:55, Level9:56, Level9:57",专题内无相邻题号，从全局末尾分配
Level9_GESP 九级 (CSP-S 竞赛基础),DP 进阶 · 概率期望与换根,9-5-3,03_换根 DP（全树最优根）.md,换根 DP（全树最优根）,"Level9:58, Level9:59, Level9:60",专题内无相邻题号，从全局末尾分配
Level9_GESP 九级 (CSP-S 竞赛基础),DP 进阶 · 概率期望与换根,9-5-4,04_计数 DP 基础.md,计数 DP 基础,"Level9:61, Level9:62, Level9:63",专题内无相邻题号，从全局末尾分配
Level9_GESP 九级 (CSP-S 竞赛基础),DP 进阶 · 概率期望与换根,9-5-5,05_树上背包 DP.md,树上背包 DP,"Level9:64, Level9:65, Level9:66",专题内无相邻题号，从全局末尾分配
Level9_GESP 九级 (CSP-S 竞赛基础),DP 优化,9-6-1,01_单调队列优化 DP.md,单调队列优化 DP,"Level9:67, Level9:68, Level9:69",专题内无相邻题号，从全局末尾分配
Level9_GESP 九级 (CSP-S 竞赛基础),DP 优化,9-6-2,02_斜率优化 DP（CHT 凸包）.md,斜率优化 DP（CHT 凸包）,"Level9:70, Level9:71, Level9:72",专题内无相邻题号，从全局末尾分配
Level9_GESP 九级 (CSP-S 竞赛基础),DP 优化,9-6-3,03_Li Chao 线段树.md,Li Chao 线段树,"Level9:73, Level9:74, Level9:75",专题内无相邻题号，从全局末尾分配
Level9_GESP 九级 (CSP-S 竞赛基础),线性数据结构,9-7-1,01_单调栈（下一个更大_更小元素）.md,单调栈（下一个更大/更小元素）,"Level9:76, Level9:77, Level9:78",专题内无相邻题号，从全局末尾分配
Level9_GESP 九级 (CSP-S 竞赛基础),线性数据结构,9-7-2,02_单调队列（滑动窗口最值）.md,单调队列（滑动窗口最值）,"Level9:79, Level9:80, Level9:81",专题内无相邻题号，从全局末尾分配
Level9_GESP 九级 (CSP-S 竞赛基础),线性数据结构,9-7-3,03_异或线性基.md,异或线性基,"Level9:82, Level9:83, Level9:84",专题内无相邻题号，从全局末尾分配
Level9_GESP 九级 (CSP-S 竞赛基础),线性数据结构,9-7-4,04_树状数组（BIT）单点修改与区间查询.md,树状数组（BIT）单点修改与区间查询,"Level9:85, Level9:86, Level9:87",专题内无相邻题号，从全局末尾分配
Level9_GESP 九级 (CSP-S 竞赛基础),线性数据结构,9-7-5,05_树状数组进阶（差分树状数组）.md,树状数组进阶（差分树状数组）,"Level9:88, Level9:89, Level9:90",专题内无相邻题号，从全局末尾分配
Level9_GESP 九级 (CSP-S 竞赛基础),线段树,9-8-1,01_线段树基础（单点修改）.md,线段树基础（单点修改）,"Level9:91, Level9:92, Level9:93",专题内无相邻题号，从全局末尾分配
Level9_GESP 九级 (CSP-S 竞赛基础),线段树,9-8-2,02_线段树区间修改（懒标记 pushdown）.md,线段树区间修改（懒标记 pushdown）,"Level9:94, Level9:95, Level9:96",专题内无相邻题号，从全局末尾分配
Level9_GESP 九级 (CSP-S 竞赛基础),线段树,9-8-3,03_线段树综合例题.md,线段树综合例题,"Level9:97, Level9:98, Level9:99",专题内无相邻题号，从全局末尾分配
Level9_GESP 九级 (CSP-S 竞赛基础),高级分治与根号算法,9-9-1,01_树链剖分（重链剖分）.md,树链剖分（重链剖分）,"Level9:100, Level9:101, Level9:102",专题内无相邻题号，从全局末尾分配
Level9_GESP 九级 (CSP-S 竞赛基础),高级分治与根号算法,9-9-2,02_分块（根号分治）.md,分块（根号分治）,"Level9:103, Level9:104, Level9:105",专题内无相邻题号，从全局末尾分配
Level9_GESP 九级 (CSP-S 竞赛基础),高级分治与根号算法,9-9-3,03_普通莫队.md,普通莫队,"Level9:106, Level9:107, Level9:108",专题内无相邻题号，从全局末尾分配
Level9_GESP 九级 (CSP-S 竞赛基础),高级分治与根号算法,9-9-4,04_CDQ 分治（离线三维偏序）.md,CDQ 分治（离线三维偏序）,"Level9:109, Level9:110, Level9:111",专题内无相邻题号，从全局末尾分配
Level9_GESP 九级 (CSP-S 竞赛基础),高级分治与根号算法,9-9-5,05_整体二分.md,整体二分,"Level9:112, Level9:113, Level9:114",专题内无相邻题号，从全局末尾分配
Level9_GESP 九级 (CSP-S 竞赛基础),图论进阶,9-10-1,01_Tarjan 强连通分量（SCC）与缩点.md,Tarjan 强连通分量（SCC）与缩点,"Level9:115, Level9:116, Level9:117",专题内无相邻题号，从全局末尾分配
Level9_GESP 九级 (CSP-S 竞赛基础),图论进阶,9-10-2,02_双连通分量、割点与桥.md,双连通分量、割点与桥,"Level9:118, Level9:119, Level9:120",专题内无相邻题号，从全局末尾分配
Level9_GESP 九级 (CSP-S 竞赛基础),图论进阶,9-10-3,03_欧拉路与欧拉回路.md,欧拉路与欧拉回路,"Level9:121, Level9:122, Level9:123",专题内无相邻题号，从全局末尾分配
Level9_GESP 九级 (CSP-S 竞赛基础),图论进阶,9-10-4,04_2-SAT 布尔可满足.md,2-SAT 布尔可满足,"Level9:124, Level9:125, Level9:126",专题内无相邻题号，从全局末尾分配
Level9_GESP 九级 (CSP-S 竞赛基础),网络流与二分图,9-11-1,01_二分图判断与匈牙利算法.md,二分图判断与匈牙利算法,"Level9:127, Level9:128, Level9:129",专题内无相邻题号，从全局末尾分配
Level9_GESP 九级 (CSP-S 竞赛基础),网络流与二分图,9-11-2,02_Dinic 最大流算法.md,Dinic 最大流算法,"Level9:130, Level9:131, Level9:132",专题内无相邻题号，从全局末尾分配
Level9_GESP 九级 (CSP-S 竞赛基础),网络流与二分图,9-11-3,03_最小割与最大流最小割定理.md,最小割与最大流最小割定理,"Level9:133, Level9:134, Level9:135",专题内无相邻题号，从全局末尾分配
Level9_GESP 九级 (CSP-S 竞赛基础),网络流与二分图,9-11-4,04_网络流建模例题.md,网络流建模例题,"Level9:136, Level9:137, Level9:138",专题内无相邻题号，从全局末尾分配
Level9_GESP 九级 (CSP-S 竞赛基础),数学进阶,9-12-1,01_矩阵快速幂加速线性递推.md,矩阵快速幂加速线性递推,"Level9:139, Level9:140, Level9:141",专题内无相邻题号，从全局末尾分配
Level9_GESP 九级 (CSP-S 竞赛基础),数学进阶,9-12-2,02_高斯消元法.md,高斯消元法,"Level9:142, Level9:143, Level9:144",专题内无相邻题号，从全局末尾分配
Level9_GESP 九级 (CSP-S 竞赛基础),数学进阶,9-12-3,03_Nim 游戏与 SG 函数.md,Nim 游戏与 SG 函数,"Level9:145, Level9:146, Level9:147",专题内无相邻题号，从全局末尾分配
Level9_GESP 九级 (CSP-S 竞赛基础),数学进阶,9-12-4,04_计算几何：点积叉积与凸包.md,计算几何：点积叉积与凸包,"Level9:148, Level9:149, Level9:150",专题内无相邻题号，从全局末尾分配
